latitutde, longitude, pitch, roll
44.4606342,-93.1489279,0.04556243494153023,0.12361227720975876
44.4606342,-93.1489279,0.008738212287425995,0.05959320813417435
44.4606342,-93.1489279,0.008738212287425995,0.05959320813417435
44.4606598,-93.1490684,0.008738212287425995,0.05959320813417435
44.4606598,-93.1490684,0.008738212287425995,0.05959320813417435
44.4606598,-93.1490684,0.010686619207262993,-0.13389679789543152
44.4606598,-93.1490684,0.010686619207262993,-0.13389679789543152
44.4606598,-93.1490684,0.010686619207262993,-0.13389679789543152
44.4606626,-93.1490832,0.010686619207262993,-0.13389679789543152
44.4606626,-93.1490832,0.010686619207262993,-0.13389679789543152
44.4606626,-93.1490832,0.010686619207262993,-0.13389679789543152
44.4606626,-93.1490832,0.009559737518429756,-0.20822234451770782
44.460665,-93.1490958,0.009559737518429756,-0.20822234451770782
44.460665,-93.1490958,0.009559737518429756,-0.20822234451770782
44.460665,-93.1490958,0.009559737518429756,-0.20822234451770782
44.460665,-93.1490958,0.009559737518429756,-0.20822234451770782
44.460665,-93.1490958,0.009559737518429756,-0.20822234451770782
44.460665,-93.1490958,0.017455385997891426,-0.1487235426902771
44.460665,-93.1490958,0.017455385997891426,-0.1487235426902771
44.4606671,-93.1491062,0.017455385997891426,-0.1487235426902771
44.4606671,-93.1491062,0.017455385997891426,-0.1487235426902771
44.4606671,-93.1491062,0.02895382046699524,-0.08722041547298431
44.4606691,-93.1491152,0.02895382046699524,-0.08722041547298431
44.4606691,-93.1491152,0.02895382046699524,-0.08722041547298431
44.4606691,-93.1491152,0.02895382046699524,-0.08722041547298431
44.4606691,-93.1491152,0.02895382046699524,-0.08722041547298431
44.4606691,-93.1491152,0.010582100600004196,-0.05348612740635872
44.4606691,-93.1491152,0.010582100600004196,-0.05348612740635872
44.4606712,-93.1491229,0.010582100600004196,-0.05348612740635872
44.4606712,-93.1491229,0.010582100600004196,-0.05348612740635872
44.4606712,-93.1491229,-0.014682088047266006,-0.043668974190950394
44.4606712,-93.1491229,-0.014682088047266006,-0.043668974190950394
44.4606732,-93.14913,-0.014682088047266006,-0.043668974190950394
44.4606732,-93.14913,-0.014682088047266006,-0.043668974190950394
44.4606732,-93.14913,-0.014682088047266006,-0.043668974190950394
44.4606732,-93.14913,-0.014682088047266006,-0.043668974190950394
44.4606732,-93.14913,-0.021128565073013306,-0.061176035553216934
44.4606732,-93.14913,-0.021128565073013306,-0.061176035553216934
44.460675,-93.1491366,-0.021128565073013306,-0.061176035553216934
44.460675,-93.1491366,-0.021128565073013306,-0.061176035553216934
44.460675,-93.1491366,-0.021128565073013306,-0.061176035553216934
44.4606764,-93.149142,-0.027310915291309357,-0.08844304829835892
44.4606764,-93.149142,-0.027310915291309357,-0.08844304829835892
44.4606764,-93.149142,-0.027310915291309357,-0.08844304829835892
44.4606764,-93.149142,-0.027310915291309357,-0.08844304829835892
44.4606764,-93.149142,-0.02604849450290203,-0.11152423918247223
44.4606764,-93.149142,-0.02604849450290203,-0.11152423918247223
44.4606778,-93.149147,-0.02604849450290203,-0.11152423918247223
44.4606778,-93.149147,-0.02604849450290203,-0.11152423918247223
44.4606778,-93.149147,-0.02604849450290203,-0.11152423918247223
44.4606778,-93.149147,-0.02604849450290203,-0.11152423918247223
44.4606778,-93.149147,-0.03365550562739372,-0.12454937398433685
44.4606778,-93.149147,-0.03365550562739372,-0.12454937398433685
44.4606791,-93.1491514,-0.03365550562739372,-0.12454937398433685
44.4606791,-93.1491514,-0.039693575352430344,-0.1361861228942871
44.4606791,-93.1491514,-0.039693575352430344,-0.1361861228942871
44.4606797,-93.1491542,-0.039693575352430344,-0.1361861228942871
44.4606797,-93.1491542,-0.039693575352430344,-0.1361861228942871
44.4606797,-93.1491542,-0.039693575352430344,-0.1361861228942871
44.4606797,-93.1491542,-0.039693575352430344,-0.1361861228942871
44.4606797,-93.1491542,-0.028609441593289375,-0.13637518882751465
44.4606797,-93.1491542,-0.028609441593289375,-0.13637518882751465
44.4606801,-93.1491561,-0.028609441593289375,-0.13637518882751465
44.4606801,-93.1491561,-0.028609441593289375,-0.13637518882751465
44.4606801,-93.1491561,-0.01768009178340435,-0.10750209540128708
44.4606801,-93.1491561,-0.01768009178340435,-0.10750209540128708
44.4606801,-93.1491561,-0.01768009178340435,-0.10750209540128708
44.4606801,-93.149157,-0.01768009178340435,-0.10750209540128708
44.4606801,-93.149157,-0.01768009178340435,-0.10750209540128708
44.4606801,-93.149157,-0.011946585029363632,-0.05583864077925682
44.4606801,-93.149157,-0.011946585029363632,-0.05583864077925682
44.46068,-93.1491572,-0.011946585029363632,-0.05583864077925682
44.46068,-93.1491572,-0.011946585029363632,-0.05583864077925682
44.46068,-93.1491572,-0.011329324916005135,-0.014220505021512508
44.46068,-93.1491572,-0.011329324916005135,-0.014220505021512508
44.46068,-93.1491572,-0.011329324916005135,-0.014220505021512508
44.4606799,-93.149157,-0.011329324916005135,-0.014220505021512508
44.4606799,-93.149157,-0.011329324916005135,-0.014220505021512508
44.4606799,-93.149157,-0.011329324916005135,-0.014220505021512508
44.4606799,-93.149157,-0.011329324916005135,-0.014220505021512508
44.4606799,-93.149157,-0.004895222373306751,0.005312704481184483
44.4606799,-93.149157,-0.004895222373306751,0.005312704481184483
44.4606796,-93.149157,-0.004895222373306751,0.005312704481184483
44.4606796,-93.149157,-0.004895222373306751,0.005312704481184483
44.4606796,-93.149157,-0.004895222373306751,0.005312704481184483
44.4606796,-93.149157,-0.0013025486841797829,-0.0031569255515933037
44.4606796,-93.149157,-0.0013025486841797829,-0.0031569255515933037
44.4606793,-93.149157,-0.0013025486841797829,-0.0031569255515933037
44.4606793,-93.149157,-0.0013025486841797829,-0.0031569255515933037
44.4606793,-93.149157,0.00046216975897550583,-0.01014613825827837
44.4606793,-93.149157,0.00046216975897550583,-0.01014613825827837
44.460679,-93.1491572,0.00046216975897550583,-0.01014613825827837
44.460679,-93.1491572,0.00046216975897550583,-0.01014613825827837
44.460679,-93.1491572,0.00046216975897550583,-0.01014613825827837
44.460679,-93.1491572,0.00046216975897550583,-0.01014613825827837
44.460679,-93.1491572,-0.0006478875875473022,-0.020157594233751297
44.460679,-93.1491572,-0.0006478875875473022,-0.020157594233751297
44.4606787,-93.1491575,-0.0006478875875473022,-0.020157594233751297
44.4606787,-93.1491575,-0.005520904436707497,-0.025984235107898712
44.4606787,-93.1491575,-0.005520904436707497,-0.025984235107898712
44.4606785,-93.1491577,-0.005520904436707497,-0.025984235107898712
44.4606785,-93.1491577,-0.005520904436707497,-0.025984235107898712
44.4606785,-93.1491577,-0.005520904436707497,-0.025984235107898712
44.4606785,-93.1491577,-0.005520904436707497,-0.025984235107898712
44.4606785,-93.1491577,-0.012041863054037094,-0.016316648572683334
44.4606785,-93.1491577,-0.012041863054037094,-0.016316648572683334
44.4606782,-93.1491579,-0.012041863054037094,-0.016316648572683334
44.4606782,-93.1491579,-0.012041863054037094,-0.016316648572683334
44.4606782,-93.1491579,-0.005307009909301996,-0.015185610391199589
44.4606782,-93.1491579,-0.005307009909301996,-0.015185610391199589
44.4606779,-93.1491582,-0.005307009909301996,-0.015185610391199589
44.4606779,-93.1491582,-0.005307009909301996,-0.015185610391199589
44.4606779,-93.1491582,-0.005307009909301996,-0.015185610391199589
44.4606779,-93.1491582,-0.005307009909301996,-0.015185610391199589
44.4606779,-93.1491582,-8.563464507460594e-05,-0.026437900960445404
44.4606775,-93.1491585,-8.563464507460594e-05,-0.026437900960445404
44.4606775,-93.1491585,-8.563464507460594e-05,-0.026437900960445404
44.4606775,-93.1491585,-8.563464507460594e-05,-0.026437900960445404
44.4606775,-93.1491585,-0.003709839191287756,-0.03340590372681618
44.4606772,-93.1491587,-0.003709839191287756,-0.03340590372681618
44.4606772,-93.1491587,-0.003709839191287756,-0.03340590372681618
44.4606772,-93.1491587,-0.003709839191287756,-0.03340590372681618
44.4606772,-93.1491587,-0.003709839191287756,-0.03340590372681618
44.4606772,-93.1491587,-0.0006060674786567688,-0.030552998185157776
44.4606772,-93.1491587,-0.0006060674786567688,-0.030552998185157776
44.4606768,-93.1491588,-0.0006060674786567688,-0.030552998185157776
44.4606768,-93.1491588,-0.0006060674786567688,-0.030552998185157776
44.4606768,-93.1491588,-0.0006060674786567688,-0.030552998185157776
44.4606768,-93.1491588,0.007393111474812031,-0.028307586908340454
44.4606768,-93.1491588,0.007393111474812031,-0.028307586908340454
44.4606766,-93.1491588,0.007393111474812031,-0.028307586908340454
44.4606766,-93.1491588,0.007393111474812031,-0.028307586908340454
44.4606766,-93.1491588,0.007342176511883736,-0.02242620661854744
44.4606766,-93.1491588,0.007342176511883736,-0.02242620661854744
44.4606765,-93.1491587,0.007342176511883736,-0.02242620661854744
44.4606765,-93.1491587,0.007342176511883736,-0.02242620661854744
44.4606765,-93.1491587,0.007342176511883736,-0.02242620661854744
44.4606765,-93.1491587,0.007342176511883736,-0.02242620661854744
44.4606765,-93.1491587,-0.008172919042408466,-0.015319486148655415
44.4606765,-93.1491587,-0.008172919042408466,-0.015319486148655415
44.4606765,-93.1491587,-0.008172919042408466,-0.015319486148655415
44.4606765,-93.1491587,-0.008172919042408466,-0.015319486148655415
44.4606765,-93.1491587,-0.018822312355041504,-0.022510994225740433
44.4606765,-93.1491587,-0.018822312355041504,-0.022510994225740433
44.4606765,-93.1491587,-0.018822312355041504,-0.022510994225740433
44.4606766,-93.1491587,-0.018822312355041504,-0.022510994225740433
44.4606766,-93.1491587,-0.018822312355041504,-0.022510994225740433
44.4606766,-93.1491587,-0.026498859748244286,-0.0219370536506176
44.4606766,-93.1491587,-0.026498859748244286,-0.0219370536506176
44.4606767,-93.1491587,-0.026498859748244286,-0.0219370536506176
44.4606767,-93.1491587,-0.026498859748244286,-0.0219370536506176
44.4606767,-93.1491587,-0.026498859748244286,-0.0219370536506176
44.4606767,-93.1491587,-0.026498859748244286,-0.0219370536506176
44.4606767,-93.1491587,-0.03371956944465637,-0.0045248959213495255
44.4606767,-93.1491587,-0.03371956944465637,-0.0045248959213495255
44.4606767,-93.1491585,-0.03371956944465637,-0.0045248959213495255
44.4606767,-93.1491585,-0.03371956944465637,-0.0045248959213495255
44.4606767,-93.1491585,-0.03371956944465637,-0.0045248959213495255
44.4606767,-93.1491585,-0.03371956944465637,-0.0045248959213495255
44.4606767,-93.1491585,-0.02360188588500023,-0.003100450150668621
44.4606765,-93.1491584,-0.02360188588500023,-0.003100450150668621
44.4606765,-93.1491584,-0.02360188588500023,-0.003100450150668621
44.4606765,-93.1491584,-0.02360188588500023,-0.003100450150668621
44.4606765,-93.1491584,-0.010722192004323006,-0.01357527170330286
44.4606765,-93.1491584,-0.010722192004323006,-0.01357527170330286
44.4606763,-93.1491584,-0.010722192004323006,-0.01357527170330286
44.4606763,-93.1491584,-0.006783757358789444,-0.022706814110279083
44.4606763,-93.1491584,-0.006783757358789444,-0.022706814110279083
44.4606763,-93.1491584,-0.006783757358789444,-0.022706814110279083
44.460676,-93.1491585,-0.006783757358789444,-0.022706814110279083
44.460676,-93.1491585,-0.006783757358789444,-0.022706814110279083
44.460676,-93.1491585,-0.006783757358789444,-0.022706814110279083
44.460676,-93.1491585,-0.006783757358789444,-0.022706814110279083
44.460676,-93.1491585,-0.0075453645549714565,-0.026179004460573196
44.4606759,-93.1491585,-0.0075453645549714565,-0.026179004460573196
44.4606759,-93.1491585,-0.0075453645549714565,-0.026179004460573196
44.4606759,-93.1491585,-0.0075453645549714565,-0.026179004460573196
44.4606759,-93.1491585,-0.006131552159786224,-0.043602727353572845
44.4606759,-93.1491586,-0.006131552159786224,-0.043602727353572845
44.4606759,-93.1491586,-0.006131552159786224,-0.043602727353572845
44.4606759,-93.1491586,-0.006131552159786224,-0.043602727353572845
44.4606759,-93.1491586,-0.006131552159786224,-0.043602727353572845
44.4606759,-93.1491586,-0.019758615642786026,-0.03175973519682884
44.4606759,-93.1491586,-0.019758615642786026,-0.03175973519682884
44.4606761,-93.1491586,-0.019758615642786026,-0.03175973519682884
44.4606761,-93.1491586,-0.019758615642786026,-0.03175973519682884
44.4606761,-93.1491586,-0.04089978337287903,-0.018960032612085342
44.4606761,-93.1491586,-0.04089978337287903,-0.018960032612085342
44.4606764,-93.1491586,-0.04089978337287903,-0.018960032612085342
44.4606764,-93.1491586,-0.04089978337287903,-0.018960032612085342
44.4606764,-93.1491586,-0.04089978337287903,-0.018960032612085342
44.4606764,-93.1491586,-0.04979146271944046,-0.015764903277158737
44.4606764,-93.1491586,-0.04979146271944046,-0.015764903277158737
44.4606767,-93.1491587,-0.04979146271944046,-0.015764903277158737
44.4606767,-93.1491587,-0.04979146271944046,-0.015764903277158737
44.4606767,-93.1491587,-0.04979146271944046,-0.015764903277158737
44.4606767,-93.1491587,-0.04979146271944046,-0.015764903277158737
44.4606767,-93.1491587,-0.05205916240811348,-0.01806505396962166
44.4606767,-93.1491587,-0.05205916240811348,-0.01806505396962166
44.4606769,-93.1491587,-0.05205916240811348,-0.01806505396962166
44.4606769,-93.1491587,-0.05205916240811348,-0.01806505396962166
44.4606769,-93.1491587,-0.05043536424636841,-0.02923334762454033
44.4606769,-93.1491587,-0.05043536424636841,-0.02923334762454033
44.4606769,-93.1491588,-0.05043536424636841,-0.02923334762454033
44.4606769,-93.1491588,-0.05043536424636841,-0.02923334762454033
44.4606769,-93.1491588,-0.05043536424636841,-0.02923334762454033
44.4606769,-93.1491588,-0.05014553666114807,-0.029914118349552155
44.4606769,-93.1491588,-0.05014553666114807,-0.029914118349552155
44.460677,-93.1491588,-0.05014553666114807,-0.029914118349552155
44.460677,-93.1491588,-0.05014553666114807,-0.029914118349552155
44.460677,-93.1491588,-0.04690297693014145,-0.0318450927734375
44.460677,-93.1491588,-0.04690297693014145,-0.0318450927734375
44.4606769,-93.1491587,-0.04690297693014145,-0.0318450927734375
44.4606769,-93.1491587,-0.04690297693014145,-0.0318450927734375
44.4606769,-93.1491587,-0.04690297693014145,-0.0318450927734375
44.4606769,-93.1491587,-0.04690297693014145,-0.0318450927734375
44.4606769,-93.1491587,-0.04642229527235031,-0.030742719769477844
44.4606769,-93.1491587,-0.04642229527235031,-0.030742719769477844
44.4606769,-93.1491587,-0.04642229527235031,-0.030742719769477844
44.4606769,-93.1491587,-0.0470317117869854,-0.030307896435260773
44.4606769,-93.1491587,-0.0470317117869854,-0.030307896435260773
44.4606769,-93.1491585,-0.0470317117869854,-0.030307896435260773
44.4606769,-93.1491585,-0.0470317117869854,-0.030307896435260773
44.4606769,-93.1491585,-0.0470317117869854,-0.030307896435260773
44.4606769,-93.1491585,-0.0470317117869854,-0.030307896435260773
44.4606769,-93.1491585,-0.0470317117869854,-0.030307896435260773
44.4606769,-93.1491585,-0.048167843371629715,-0.02348765730857849
44.4606769,-93.1491585,-0.048167843371629715,-0.02348765730857849
44.4606769,-93.1491583,-0.048167843371629715,-0.02348765730857849
44.4606769,-93.1491583,-0.048167843371629715,-0.02348765730857849
44.4606769,-93.1491583,-0.04693450778722763,-0.01842852681875229
44.4606768,-93.1491581,-0.04693450778722763,-0.01842852681875229
44.4606768,-93.1491581,-0.04693450778722763,-0.01842852681875229
44.4606768,-93.1491581,-0.04693450778722763,-0.01842852681875229
44.4606768,-93.1491581,-0.04693450778722763,-0.01842852681875229
44.4606768,-93.1491581,-0.05243327096104622,0.0833030641078949
44.4606768,-93.1491581,-0.05243327096104622,0.0833030641078949
44.4606768,-93.1491581,-0.05243327096104622,0.0833030641078949
44.4606768,-93.1491581,-0.05243327096104622,0.0833030641078949
44.4606768,-93.1491581,-0.047824371606111526,0.24981555342674255
44.4606768,-93.1491581,-0.047824371606111526,0.24981555342674255
44.4606762,-93.149159,-0.047824371606111526,0.24981555342674255
44.4606762,-93.149159,-0.047824371606111526,0.24981555342674255
44.4606762,-93.149159,-0.047824371606111526,0.24981555342674255
44.4606762,-93.149159,-0.047824371606111526,0.24981555342674255
44.4606762,-93.149159,-0.03591468930244446,0.25780990719795227
44.4606762,-93.149159,-0.03591468930244446,0.25780990719795227
44.4606749,-93.1491618,-0.03591468930244446,0.25780990719795227
44.4606749,-93.1491618,-0.03591468930244446,0.25780990719795227
44.4606749,-93.1491618,-0.03591468930244446,0.25780990719795227
44.460673,-93.1491663,-0.03566095605492592,0.11408452689647675
44.460673,-93.1491663,-0.03566095605492592,0.11408452689647675
44.460673,-93.1491663,-0.03566095605492592,0.11408452689647675
44.460673,-93.1491663,-0.03566095605492592,0.11408452689647675
44.460673,-93.1491663,-0.03566095605492592,0.11408452689647675
44.460673,-93.1491663,-0.04046875238418579,-0.17432937026023865
44.4606709,-93.1491711,-0.04046875238418579,-0.17432937026023865
44.4606709,-93.1491711,-0.04046875238418579,-0.17432937026023865
44.4606709,-93.1491711,-0.04046875238418579,-0.17432937026023865
44.4606709,-93.1491711,-0.04046875238418579,-0.17432937026023865
44.4606709,-93.1491711,-0.036374419927597046,-0.2278790920972824
44.4606709,-93.1491711,-0.036374419927597046,-0.2278790920972824
44.4606694,-93.1491745,-0.036374419927597046,-0.2278790920972824
44.4606694,-93.1491745,-0.036374419927597046,-0.2278790920972824
44.4606694,-93.1491745,0.0051530832424759865,-0.29345375299453735
44.4606694,-93.1491745,0.0051530832424759865,-0.29345375299453735
44.4606685,-93.1491765,0.0051530832424759865,-0.29345375299453735
44.4606685,-93.1491765,0.0051530832424759865,-0.29345375299453735
44.4606685,-93.1491765,0.0051530832424759865,-0.29345375299453735
44.4606685,-93.1491765,-0.014950611628592014,-0.2524978518486023
44.4606685,-93.1491765,-0.014950611628592014,-0.2524978518486023
44.4606687,-93.1491765,-0.014950611628592014,-0.2524978518486023
44.4606687,-93.1491765,-0.014950611628592014,-0.2524978518486023
44.4606687,-93.1491765,-0.014950611628592014,-0.2524978518486023
44.4606687,-93.1491765,-0.014950611628592014,-0.2524978518486023
44.4606687,-93.1491765,-0.05344559624791145,-0.027846448123455048
44.4606687,-93.1491765,-0.05344559624791145,-0.027846448123455048
44.4606695,-93.1491753,-0.05344559624791145,-0.027846448123455048
44.4606695,-93.1491753,-0.05344559624791145,-0.027846448123455048
44.4606695,-93.1491753,-0.058154165744781494,0.060299307107925415
44.4606695,-93.1491753,-0.058154165744781494,0.060299307107925415
44.4606702,-93.1491745,-0.058154165744781494,0.060299307107925415
44.4606702,-93.1491745,-0.058154165744781494,0.060299307107925415
44.4606702,-93.1491745,-0.058154165744781494,0.060299307107925415
44.4606702,-93.1491745,-0.06370878219604492,0.040383078157901764
44.4606702,-93.1491745,-0.06370878219604492,0.040383078157901764
44.4606706,-93.1491744,-0.06370878219604492,0.040383078157901764
44.4606706,-93.1491744,-0.06370878219604492,0.040383078157901764
44.4606706,-93.1491744,-0.07634233683347702,-0.008347277529537678
44.4606706,-93.1491744,-0.07634233683347702,-0.008347277529537678
44.4606706,-93.1491746,-0.07634233683347702,-0.008347277529537678
44.4606706,-93.1491746,-0.07634233683347702,-0.008347277529537678
44.4606706,-93.1491746,-0.07634233683347702,-0.008347277529537678
44.4606706,-93.1491746,-0.07634233683347702,-0.008347277529537678
44.4606706,-93.1491746,-0.07634233683347702,-0.008347277529537678
44.4606706,-93.1491746,-0.06148045137524605,-0.04035511240363121
44.4606705,-93.1491748,-0.06148045137524605,-0.04035511240363121
44.4606705,-93.1491748,-0.06148045137524605,-0.04035511240363121
44.4606705,-93.1491748,-0.06148045137524605,-0.04035511240363121
44.4606705,-93.1491748,-0.06148045137524605,-0.04035511240363121
44.4606705,-93.1491748,-0.06148045137524605,-0.04035511240363121
44.4606703,-93.149175,-0.05728872865438461,-0.054086096584796906
44.4606703,-93.149175,-0.05728872865438461,-0.054086096584796906
44.4606703,-93.149175,-0.05728872865438461,-0.054086096584796906
44.4606703,-93.149175,-0.0494837611913681,-0.05207367613911629
44.4606703,-93.149175,-0.0494837611913681,-0.05207367613911629
44.46067,-93.1491748,-0.0494837611913681,-0.05207367613911629
44.46067,-93.1491748,-0.0494837611913681,-0.05207367613911629
44.46067,-93.1491748,-0.0494837611913681,-0.05207367613911629
44.46067,-93.1491748,-0.0494837611913681,-0.05207367613911629
44.46067,-93.1491748,-0.02631520852446556,-0.04312702640891075
44.46067,-93.1491748,-0.02631520852446556,-0.04312702640891075
44.4606698,-93.1491746,-0.02631520852446556,-0.04312702640891075
44.4606698,-93.1491746,-0.02631520852446556,-0.04312702640891075
44.4606698,-93.1491746,-0.02631520852446556,-0.04312702640891075
44.4606696,-93.1491743,-0.022642100229859352,-0.03979381546378136
44.4606696,-93.1491743,-0.022642100229859352,-0.03979381546378136
44.4606696,-93.1491743,-0.022642100229859352,-0.03979381546378136
44.4606696,-93.1491743,-0.022642100229859352,-0.03979381546378136
44.4606696,-93.1491743,-0.02287375181913376,-0.034120503813028336
44.4606696,-93.1491743,-0.02287375181913376,-0.034120503813028336
44.4606696,-93.149174,-0.02287375181913376,-0.034120503813028336
44.4606696,-93.149174,-0.02287375181913376,-0.034120503813028336
44.4606696,-93.149174,-0.02287375181913376,-0.034120503813028336
44.4606696,-93.149174,-0.02287375181913376,-0.034120503813028336
44.4606696,-93.1491737,-0.027863912284374237,-0.02994704246520996
44.4606696,-93.1491737,-0.027863912284374237,-0.02994704246520996
44.4606696,-93.1491737,-0.027863912284374237,-0.02994704246520996
44.4606696,-93.1491737,-0.027863912284374237,-0.02994704246520996
44.4606696,-93.1491737,-0.02868325635790825,-0.02904091775417328
44.4606696,-93.1491737,-0.02868325635790825,-0.02904091775417328
44.4606698,-93.1491736,-0.02868325635790825,-0.02904091775417328
44.4606698,-93.1491736,-0.02868325635790825,-0.02904091775417328
44.4606698,-93.1491736,-0.02868325635790825,-0.02904091775417328
44.4606698,-93.1491736,-0.02868325635790825,-0.02904091775417328
44.4606698,-93.1491736,-0.03734905272722244,-0.03145178034901619
44.4606698,-93.1491736,-0.03734905272722244,-0.03145178034901619
44.4606699,-93.1491734,-0.03734905272722244,-0.03145178034901619
44.4606699,-93.1491734,-0.03734905272722244,-0.03145178034901619
44.4606699,-93.1491734,-0.04191045090556145,-0.027820073068141937
44.4606699,-93.1491734,-0.04191045090556145,-0.027820073068141937
44.4606701,-93.1491734,-0.04191045090556145,-0.027820073068141937
44.4606701,-93.1491734,-0.04191045090556145,-0.027820073068141937
44.4606701,-93.1491734,-0.04191045090556145,-0.027820073068141937
44.4606701,-93.1491734,-0.04345420002937317,-0.029884405434131622
44.4606701,-93.1491734,-0.04345420002937317,-0.029884405434131622
44.4606703,-93.1491735,-0.04345420002937317,-0.029884405434131622
44.4606703,-93.1491735,-0.04345420002937317,-0.029884405434131622
44.4606703,-93.1491735,-0.04345420002937317,-0.029884405434131622
44.4606703,-93.1491735,-0.04345420002937317,-0.029884405434131622
44.4606706,-93.1491735,-0.047809433192014694,-0.03545387461781502
44.4606706,-93.1491735,-0.047809433192014694,-0.03545387461781502
44.4606706,-93.1491735,-0.047809433192014694,-0.03545387461781502
44.4606706,-93.1491735,-0.047809433192014694,-0.03545387461781502
44.4606706,-93.1491735,-0.047809433192014694,-0.03545387461781502
44.4606706,-93.1491735,-0.04929441213607788,-0.035044845193624496
44.4606708,-93.1491736,-0.04929441213607788,-0.035044845193624496
44.4606708,-93.1491736,-0.04929441213607788,-0.035044845193624496
44.4606708,-93.1491736,-0.04929441213607788,-0.035044845193624496
44.460671,-93.1491736,-0.05217476934194565,-0.03328578174114227
44.460671,-93.1491736,-0.05217476934194565,-0.03328578174114227
44.460671,-93.1491736,-0.05217476934194565,-0.03328578174114227
44.460671,-93.1491736,-0.05217476934194565,-0.03328578174114227
44.460671,-93.1491736,-0.05402836203575134,-0.03535045310854912
44.460671,-93.1491736,-0.05402836203575134,-0.03535045310854912
44.4606712,-93.1491737,-0.05402836203575134,-0.03535045310854912
44.4606712,-93.1491737,-0.05402836203575134,-0.03535045310854912
44.4606712,-93.1491737,-0.05402836203575134,-0.03535045310854912
44.4606712,-93.1491737,-0.05402836203575134,-0.03535045310854912
44.4606712,-93.1491737,-0.06000705808401108,-0.047021761536598206
44.4606713,-93.1491737,-0.06000705808401108,-0.047021761536598206
44.4606713,-93.1491737,-0.06000705808401108,-0.047021761536598206
44.4606713,-93.1491737,-0.06000705808401108,-0.047021761536598206
44.4606713,-93.1491737,-0.06000705808401108,-0.047021761536598206
44.4606714,-93.1491737,-0.05893814191222191,-0.04322783276438713
44.4606714,-93.1491737,-0.05893814191222191,-0.04322783276438713
44.4606714,-93.1491737,-0.05893814191222191,-0.04322783276438713
44.4606714,-93.1491737,-0.05893814191222191,-0.04322783276438713
44.4606715,-93.1491737,-0.05426086485385895,-0.04280564561486244
44.4606715,-93.1491737,-0.05426086485385895,-0.04280564561486244
44.4606715,-93.1491737,-0.05426086485385895,-0.04280564561486244
44.4606715,-93.1491737,-0.05426086485385895,-0.04280564561486244
44.4606715,-93.1491737,-0.05426086485385895,-0.04280564561486244
44.4606716,-93.1491735,-0.05509117618203163,-0.03963726386427879
44.4606716,-93.1491735,-0.05509117618203163,-0.03963726386427879
44.4606716,-93.1491735,-0.05509117618203163,-0.03963726386427879
44.4606716,-93.1491735,-0.05509117618203163,-0.03963726386427879
44.4606716,-93.1491735,-0.05509117618203163,-0.03963726386427879
44.4606717,-93.1491733,-0.05330155789852142,-0.032302018254995346
44.4606717,-93.1491733,-0.05330155789852142,-0.032302018254995346
44.4606717,-93.1491733,-0.05330155789852142,-0.032302018254995346
44.4606717,-93.1491733,-0.05330155789852142,-0.032302018254995346
44.4606717,-93.1491733,-0.05330155789852142,-0.032302018254995346
44.4606718,-93.1491731,-0.051438577473163605,-0.026206105947494507
44.4606718,-93.1491731,-0.051438577473163605,-0.026206105947494507
44.4606718,-93.1491731,-0.051438577473163605,-0.026206105947494507
44.4606718,-93.1491731,-0.051438577473163605,-0.026206105947494507
44.4606718,-93.1491731,-0.051438577473163605,-0.026206105947494507
44.4606718,-93.1491731,-0.04645424708724022,-0.02322811633348465
44.4606718,-93.1491729,-0.04645424708724022,-0.02322811633348465
44.4606718,-93.1491729,-0.04645424708724022,-0.02322811633348465
44.4606718,-93.1491729,-0.04645424708724022,-0.02322811633348465
44.4606718,-93.1491729,-0.04645424708724022,-0.02322811633348465
44.4606718,-93.1491727,-0.02732313796877861,-0.035454683005809784
44.4606718,-93.1491727,-0.02732313796877861,-0.035454683005809784
44.4606718,-93.1491727,-0.02732313796877861,-0.035454683005809784
44.4606718,-93.1491727,-0.02732313796877861,-0.035454683005809784
44.4606718,-93.1491727,-0.03537362068891525,-0.02776840329170227
44.4606718,-93.1491727,-0.03537362068891525,-0.02776840329170227
44.4606719,-93.1491727,-0.03537362068891525,-0.02776840329170227
44.4606719,-93.1491727,-0.03537362068891525,-0.02776840329170227
44.4606719,-93.1491727,-0.03537362068891525,-0.02776840329170227
44.4606719,-93.1491727,-0.03537362068891525,-0.02776840329170227
44.4606721,-93.1491727,-0.03853987157344818,-0.034933172166347504
44.4606721,-93.1491727,-0.03853987157344818,-0.034933172166347504
44.4606721,-93.1491727,-0.03853987157344818,-0.034933172166347504
44.4606721,-93.1491727,-0.05594992637634277,-0.029455654323101044
44.4606721,-93.1491727,-0.05594992637634277,-0.029455654323101044
44.4606722,-93.1491728,-0.05594992637634277,-0.029455654323101044
44.4606722,-93.1491728,-0.05594992637634277,-0.029455654323101044
44.4606722,-93.1491728,-0.05594992637634277,-0.029455654323101044
44.4606722,-93.1491728,-0.05594992637634277,-0.029455654323101044
44.4606722,-93.1491729,-0.055117782205343246,-0.04857795313000679
44.4606722,-93.1491729,-0.055117782205343246,-0.04857795313000679
44.4606722,-93.1491729,-0.055117782205343246,-0.04857795313000679
44.4606722,-93.1491729,-0.055117782205343246,-0.04857795313000679
44.4606722,-93.1491729,-0.055117782205343246,-0.04857795313000679
44.4606722,-93.1491729,-0.055117782205343246,-0.04857795313000679
44.4606723,-93.1491728,-0.04956895858049393,-0.04047621786594391
44.4606723,-93.1491728,-0.04956895858049393,-0.04047621786594391
44.4606723,-93.1491728,-0.04956895858049393,-0.04047621786594391
44.4606723,-93.1491728,-0.04956895858049393,-0.04047621786594391
44.4606723,-93.1491728,-0.06856365501880646,-0.028073027729988098
44.4606723,-93.1491726,-0.06856365501880646,-0.028073027729988098
44.4606723,-93.1491726,-0.06856365501880646,-0.028073027729988098
44.4606723,-93.1491726,-0.06856365501880646,-0.028073027729988098
44.4606723,-93.1491726,-0.06856365501880646,-0.028073027729988098
44.4606722,-93.1491723,-0.0632898360490799,-0.040939461439847946
44.4606722,-93.1491723,-0.0632898360490799,-0.040939461439847946
44.4606722,-93.1491723,-0.0632898360490799,-0.040939461439847946
44.4606722,-93.1491723,-0.0632898360490799,-0.040939461439847946
44.4606722,-93.1491723,-0.053426194936037064,-0.03443310782313347
44.4606722,-93.1491723,-0.053426194936037064,-0.03443310782313347
44.4606719,-93.149172,-0.053426194936037064,-0.03443310782313347
44.4606719,-93.149172,-0.053426194936037064,-0.03443310782313347
